ردیف,تاریخ,روز,نام فرد,نوع,کارکرد,اولین ورود,آخرین خروج,رکوردها
1,1399/01/28,پنجشنبه,aky,خطا,,,,04:47 / 
2,1399/01/28,پنجشنبه,mm,مرخصی روزانه,,,,
3,1399/01/28,پنجشنبه,mr,مرخصی روزانه,,,,
4,1399/01/28,پنجشنبه,mf,مرخصی روزانه,,,,
5,1399/01/28,پنجشنبه,ghm,مرخصی روزانه,,,,
6,1399/01/28,پنجشنبه,ssh,مرخصی روزانه,,,,
7,1399/01/28,پنجشنبه,sdq,مرخصی روزانه,,,,
8,1399/01/30,شنبه,aky,مرخصی ساعتی,01:39,3:01 PM,5:31 PM,15:01 / 15:02 / 15:05 / 15:16 / 15:20 / 15:24 / 15:25 / 15:30 / 15:33 / 15:37 / 16:17 / 17:31 / 
9,1399/01/30,شنبه,mm,خطا,,,,15:01 / 15:31 / 17:32 / 
10,1399/01/30,شنبه,mr,خطا,,,,15:20 / 15:32 / 17:06 / 
11,1399/01/30,شنبه,mf,مرخصی ساعتی,01:28,3:20 PM,5:32 PM,15:20 / 15:30 / 15:33 / 15:37 / 16:17 / 17:32 / 
12,1399/01/30,شنبه,ghm,خطا,,,,15:31 / 15:49 / 17:07 / 
13,1399/01/30,شنبه,ssh,تاخیر,01:34,3:31 PM,5:06 PM,15:31 / 17:06 / 
14,1399/01/30,شنبه,sdq,مرخصی روزانه,,,,
15,1399/01/31,یکشنبه,aky,عادی,08:43,7:28 AM,5:13 PM,07:28 / 17:13 / 
16,1399/01/31,یکشنبه,mm,عادی,08:26,8:41 AM,5:07 PM,08:41 / 17:07 / 
17,1399/01/31,یکشنبه,mr,عادی,08:31,8:24 AM,5:01 PM,08:24 / 17:01 / 
18,1399/01/31,یکشنبه,mf,عادی,08:43,7:28 AM,5:13 PM,07:28 / 17:13 / 
19,1399/01/31,یکشنبه,ghm,مرخصی ساعتی,06:37,8:25 AM,5:02 PM,08:25 / 13:01 / 14:56 / 17:02 / 
20,1399/01/31,یکشنبه,ssh,عادی,08:30,8:36 AM,5:06 PM,08:36 / 17:06 / 
21,1399/01/31,یکشنبه,sdq,مرخصی روزانه,,,,
22,1399/02/01,دوشنبه,aky,مرخصی ساعتی,07:44,7:21 AM,5:04 PM,07:21 / 09:39 / 10:29 / 17:04 / 
23,1399/02/01,دوشنبه,mm,عادی,08:29,8:32 AM,5:01 PM,08:32 / 17:01 / 
24,1399/02/01,دوشنبه,mr,عادی,08:31,8:28 AM,5:01 PM,08:28 / 17:01 / 
25,1399/02/01,دوشنبه,mf,عادی,08:45,8:23 AM,5:42 PM,08:23 / 17:42 / 
26,1399/02/01,دوشنبه,ghm,تاخیر,08:03,8:58 AM,5:01 PM,08:58 / 17:01 / 
27,1399/02/01,دوشنبه,ssh,خطا,,,,08:33 / 
28,1399/02/01,دوشنبه,sdq,مرخصی روزانه,,,,
29,1399/02/02,سه شنبه,aky,عادی,08:45,7:34 AM,5:35 PM,07:34 / 17:35 / 
30,1399/02/02,سه شنبه,mm,تاخیر,08:29,8:45 AM,5:36 PM,08:45 / 17:36 / 
31,1399/02/02,سه شنبه,mr,عادی,08:32,8:28 AM,5:02 PM,08:28 / 17:02 / 
32,1399/02/02,سه شنبه,mf,عادی,08:45,7:34 AM,5:35 PM,07:34 / 17:35 / 
33,1399/02/02,سه شنبه,ghm,تاخیر,07:08,9:53 AM,5:02 PM,09:53 / 17:02 / 
34,1399/02/02,سه شنبه,ssh,خطا,,,,08:32 / 
35,1399/02/02,سه شنبه,sdq,مرخصی روزانه,,,,
36,1399/02/03,چهارشنبه,aky,عادی,08:33,7:14 AM,5:03 PM,07:14 / 17:03 / 
37,1399/02/03,چهارشنبه,mm,عادی,08:21,8:40 AM,5:01 PM,08:40 / 17:01 / 
38,1399/02/03,چهارشنبه,mr,عادی,08:31,8:24 AM,5:01 PM,08:24 / 17:01 / 
39,1399/02/03,چهارشنبه,mf,تاخیر,06:55,10:08 AM,5:03 PM,10:08 / 17:03 / 
40,1399/02/03,چهارشنبه,ghm,تاخیر,08:14,8:48 AM,5:02 PM,08:48 / 17:02 / 
41,1399/02/03,چهارشنبه,ssh,عادی,08:33,8:26 AM,5:03 PM,08:26 / 17:03 / 
42,1399/02/03,چهارشنبه,sdq,مرخصی روزانه,,,,
43,1399/02/06,شنبه,aky,عادی,08:45,7:20 AM,5:15 PM,07:20 / 17:15 / 
44,1399/02/06,شنبه,mm,عادی,08:44,8:30 AM,5:15 PM,08:30 / 17:15 / 
45,1399/02/06,شنبه,mr,عادی,08:27,8:35 AM,5:03 PM,08:35 / 17:03 / 
46,1399/02/06,شنبه,mf,عادی,08:45,8:23 AM,5:15 PM,08:23 / 17:15 / 
47,1399/02/06,شنبه,ghm,تاخیر,07:44,9:19 AM,5:04 PM,09:19 / 17:04 / 
48,1399/02/06,شنبه,ssh,خطا,,,,08:37 / 
49,1399/02/06,شنبه,sdq,مرخصی روزانه,,,,
50,1399/02/07,یکشنبه,aky,عادی,08:32,7:23 AM,5:02 PM,07:23 / 17:02 / 
51,1399/02/07,یکشنبه,mm,عادی,08:38,8:21 AM,5:08 PM,08:21 / 17:08 / 
52,1399/02/07,یکشنبه,mr,عادی,08:35,8:26 AM,5:05 PM,08:26 / 17:05 / 
53,1399/02/07,یکشنبه,mf,عادی,08:45,8:27 AM,5:50 PM,08:27 / 17:50 / 
54,1399/02/07,یکشنبه,ghm,تاخیر,06:49,10:19 AM,5:08 PM,10:19 / 17:08 / 
55,1399/02/07,یکشنبه,ssh,عادی,08:30,8:34 AM,5:04 PM,08:34 / 17:04 / 
56,1399/02/07,یکشنبه,sdq,مرخصی روزانه,,,,
57,1399/02/08,دوشنبه,aky,مرخصی ساعتی,04:55,7:09 AM,3:17 PM,07:09 / 12:13 / 14:05 / 15:17 / 
58,1399/02/08,دوشنبه,mm,تاخیر,08:11,8:51 AM,5:02 PM,08:51 / 17:02 / 
59,1399/02/08,دوشنبه,mr,عادی,08:32,8:26 AM,5:02 PM,08:26 / 17:02 / 
60,1399/02/08,دوشنبه,mf,تاخیر,08:13,8:51 AM,5:05 PM,08:51 / 17:05 / 
61,1399/02/08,دوشنبه,ghm,مرخصی ساعتی,07:20,8:36 AM,5:05 PM,08:36 / 11:43 / 12:52 / 17:05 / 
62,1399/02/08,دوشنبه,ssh,عادی,08:33,8:31 AM,5:04 PM,08:31 / 17:04 / 
63,1399/02/08,دوشنبه,sdq,مرخصی روزانه,,,,
64,1399/02/09,سه شنبه,aky,عادی,08:37,7:39 AM,5:07 PM,07:39 / 17:07 / 
65,1399/02/09,سه شنبه,mm,عادی,08:30,8:18 AM,5:00 PM,08:18 / 17:00 / 
66,1399/02/09,سه شنبه,mr,تاخیر,08:29,8:18 AM,4:59 PM,08:18 / 16:59 / 
67,1399/02/09,سه شنبه,mf,عادی,08:38,8:24 AM,5:08 PM,08:24 / 17:08 / 
68,1399/02/09,سه شنبه,ghm,تاخیر,08:01,9:03 AM,5:04 PM,09:03 / 17:04 / 
69,1399/02/09,سه شنبه,ssh,عادی,08:25,8:37 AM,5:03 PM,08:37 / 17:03 / 
70,1399/02/09,سه شنبه,sdq,مرخصی روزانه,,,,
71,1399/02/10,چهارشنبه,aky,عادی,08:45,7:24 AM,5:22 PM,07:24 / 17:22 / 
72,1399/02/10,چهارشنبه,mm,عادی,08:30,8:22 AM,5:00 PM,08:22 / 17:00 / 
73,1399/02/10,چهارشنبه,mr,تاخیر,06:15,8:24 AM,2:45 PM,08:24 / 14:45 / 
74,1399/02/10,چهارشنبه,mf,تاخیر,08:08,9:06 AM,5:23 PM,09:06 / 17:23 / 
75,1399/02/10,چهارشنبه,ghm,تاخیر,03:38,9:10 AM,12:48 PM,09:10 / 12:48 / 
76,1399/02/10,چهارشنبه,ssh,تاخیر,08:25,8:33 AM,4:59 PM,08:33 / 16:59 / 
77,1399/02/10,چهارشنبه,sdq,مرخصی روزانه,,,,
78,1399/02/13,شنبه,aky,تاخیر,07:20,7:24 AM,3:50 PM,07:24 / 15:50 / 
79,1399/02/13,شنبه,mm,عادی,08:32,8:30 AM,5:02 PM,08:30 / 17:02 / 
80,1399/02/13,شنبه,mr,عادی,08:26,8:35 AM,5:02 PM,08:35 / 17:02 / 
81,1399/02/13,شنبه,mf,عادی,08:33,8:29 AM,5:03 PM,08:29 / 17:03 / 
82,1399/02/13,شنبه,ghm,تاخیر,07:52,9:09 AM,5:01 PM,09:09 / 17:01 / 
83,1399/02/13,شنبه,ssh,عادی,08:27,8:34 AM,5:01 PM,08:34 / 17:01 / 
84,1399/02/13,شنبه,sdq,مرخصی روزانه,,,,
85,1399/02/14,یکشنبه,aky,تاخیر,06:36,7:10 AM,3:06 PM,07:10 / 15:06 / 
86,1399/02/14,یکشنبه,mm,تاخیر,08:12,8:49 AM,5:01 PM,08:49 / 17:01 / 
87,1399/02/14,یکشنبه,mr,عادی,08:31,8:26 AM,5:01 PM,08:26 / 17:01 / 
88,1399/02/14,یکشنبه,mf,عادی,08:20,8:43 AM,5:03 PM,08:43 / 17:03 / 
89,1399/02/14,یکشنبه,ghm,مرخصی ساعتی,06:12,9:12 AM,5:01 PM,09:12 / 12:09 / 13:45 / 17:01 / 
90,1399/02/14,یکشنبه,ssh,عادی,08:27,8:33 AM,5:01 PM,08:33 / 17:01 / 
91,1399/02/14,یکشنبه,sdq,مرخصی روزانه,,,,
92,1399/02/15,دوشنبه,aky,عادی,08:38,7:24 AM,5:08 PM,07:24 / 17:08 / 
93,1399/02/15,دوشنبه,mm,تاخیر,08:21,8:36 AM,4:58 PM,08:36 / 16:58 / 
94,1399/02/15,دوشنبه,mr,تاخیر,08:28,8:29 AM,4:58 PM,08:29 / 16:58 / 
95,1399/02/15,دوشنبه,mf,عادی,08:38,8:24 AM,5:08 PM,08:24 / 17:08 / 
96,1399/02/15,دوشنبه,ghm,عادی,08:31,8:28 AM,5:01 PM,08:28 / 17:01 / 
97,1399/02/15,دوشنبه,ssh,تاخیر,08:22,8:34 AM,4:56 PM,08:34 / 16:56 / 
98,1399/02/15,دوشنبه,sdq,مرخصی روزانه,,,,
99,1399/02/16,سه شنبه,aky,تاخیر,07:31,7:11 AM,4:01 PM,07:11 / 16:01 / 
100,1399/02/16,سه شنبه,mm,تاخیر,08:27,8:31 AM,4:58 PM,08:31 / 16:58 / 
101,1399/02/16,سه شنبه,mr,تاخیر,06:55,8:28 AM,3:25 PM,08:28 / 15:25 / 
102,1399/02/16,سه شنبه,mf,عادی,08:45,8:25 AM,5:17 PM,08:25 / 17:17 / 
103,1399/02/16,سه شنبه,ghm,تاخیر,07:00,9:58 AM,4:58 PM,09:58 / 16:58 / 
104,1399/02/16,سه شنبه,ssh,خطا,,,,16:58 / 
105,1399/02/16,سه شنبه,sdq,مرخصی روزانه,,,,
106,1399/02/17,چهارشنبه,aky,مرخصی روزانه,,,,
107,1399/02/17,چهارشنبه,mm,تاخیر,07:17,9:42 AM,4:59 PM,09:42 / 16:59 / 
108,1399/02/17,چهارشنبه,mr,تاخیر,08:29,8:24 AM,4:59 PM,08:24 / 16:59 / 
109,1399/02/17,چهارشنبه,mf,عادی,08:44,8:30 AM,6:06 PM,08:30 / 18:06 / 
110,1399/02/17,چهارشنبه,ghm,تاخیر,07:31,9:29 AM,5:00 PM,09:29 / 17:00 / 
111,1399/02/17,چهارشنبه,ssh,عادی,08:22,8:37 AM,5:00 PM,08:37 / 17:00 / 
112,1399/02/17,چهارشنبه,sdq,مرخصی روزانه,,,,
113,1399/02/20,شنبه,aky,عادی,08:34,7:30 AM,5:04 PM,07:30 / 17:04 / 
114,1399/02/20,شنبه,mm,تاخیر,08:05,8:57 AM,5:03 PM,08:57 / 17:03 / 
115,1399/02/20,شنبه,mr,عادی,08:29,8:34 AM,5:03 PM,08:34 / 17:03 / 
116,1399/02/20,شنبه,mf,عادی,08:30,8:34 AM,5:05 PM,08:34 / 17:05 / 
117,1399/02/20,شنبه,ghm,تاخیر,06:51,9:40 AM,4:31 PM,09:40 / 16:31 / 
118,1399/02/20,شنبه,ssh,عادی,08:29,8:33 AM,5:03 PM,08:33 / 17:03 / 
119,1399/02/20,شنبه,sdq,مرخصی روزانه,,,,
120,1399/02/21,یکشنبه,aky,عادی,08:33,7:18 AM,5:03 PM,07:18 / 17:03 / 
121,1399/02/21,یکشنبه,mm,تاخیر,08:26,8:31 AM,4:58 PM,08:31 / 16:58 / 
122,1399/02/21,یکشنبه,mr,تاخیر,08:28,8:24 AM,4:58 PM,08:24 / 16:58 / 
123,1399/02/21,یکشنبه,mf,عادی,08:31,8:31 AM,5:03 PM,08:31 / 17:03 / 
124,1399/02/21,یکشنبه,ghm,تاخیر,07:48,9:10 AM,4:58 PM,09:10 / 16:58 / 
125,1399/02/21,یکشنبه,ssh,تاخیر,08:24,8:33 AM,4:58 PM,08:33 / 16:58 / 
126,1399/02/21,یکشنبه,sdq,مرخصی روزانه,,,,
127,1399/02/22,دوشنبه,aky,عادی,08:41,7:28 AM,5:11 PM,07:28 / 17:11 / 
128,1399/02/22,دوشنبه,mm,عادی,08:34,8:25 AM,5:04 PM,08:25 / 17:04 / 
129,1399/02/22,دوشنبه,mr,عادی,08:36,8:26 AM,5:06 PM,08:26 / 17:06 / 
130,1399/02/22,دوشنبه,mf,عادی,08:44,8:30 AM,7:51 PM,08:30 / 19:51 / 
131,1399/02/22,دوشنبه,ghm,مرخصی روزانه,,,,
132,1399/02/22,دوشنبه,ssh,عادی,08:28,8:36 AM,5:05 PM,08:36 / 17:05 / 
133,1399/02/22,دوشنبه,sdq,مرخصی روزانه,,,,
134,1399/02/23,سه شنبه,aky,عادی,08:32,7:30 AM,5:02 PM,07:30 / 17:02 / 
135,1399/02/23,سه شنبه,mm,عادی,08:25,8:39 AM,5:04 PM,08:39 / 17:04 / 
136,1399/02/23,سه شنبه,mr,عادی,08:33,8:25 AM,5:03 PM,08:25 / 17:03 / 
137,1399/02/23,سه شنبه,mf,عادی,08:35,7:30 AM,5:05 PM,07:30 / 17:05 / 
138,1399/02/23,سه شنبه,ghm,مرخصی روزانه,,,,
139,1399/02/23,سه شنبه,ssh,عادی,08:28,8:36 AM,5:04 PM,08:36 / 17:04 / 
140,1399/02/23,سه شنبه,sdq,مرخصی روزانه,,,,
141,1399/02/24,چهارشنبه,aky,تاخیر,06:34,7:14 AM,3:04 PM,07:14 / 15:04 / 
142,1399/02/24,چهارشنبه,mm,تاخیر,05:05,9:55 AM,3:00 PM,09:55 / 15:00 / 
143,1399/02/24,چهارشنبه,mr,تاخیر,06:29,8:25 AM,2:59 PM,08:25 / 14:59 / 
144,1399/02/24,چهارشنبه,mf,تاخیر,06:22,8:41 AM,3:04 PM,08:41 / 15:04 / 
145,1399/02/24,چهارشنبه,ghm,مرخصی روزانه,,,,
146,1399/02/24,چهارشنبه,ssh,تاخیر,06:19,8:41 AM,3:00 PM,08:41 / 15:00 / 
147,1399/02/24,چهارشنبه,sdq,مرخصی روزانه,,,,
148,1399/02/27,شنبه,aky,تاخیر,07:21,8:29 AM,3:51 PM,08:29 / 15:51 / 
149,1399/02/27,شنبه,mm,عادی,08:25,8:35 AM,5:00 PM,08:35 / 17:00 / 
150,1399/02/27,شنبه,mr,عادی,08:31,8:27 AM,5:01 PM,08:27 / 17:01 / 
151,1399/02/27,شنبه,mf,تاخیر,07:16,8:34 AM,3:51 PM,08:34 / 15:51 / 
152,1399/02/27,شنبه,ghm,مرخصی روزانه,,,,
153,1399/02/27,شنبه,ssh,عادی,08:31,8:29 AM,5:01 PM,08:29 / 17:01 / 
154,1399/02/27,شنبه,sdq,مرخصی روزانه,,,,
155,1399/02/28,یکشنبه,aky,عادی,08:45,8:06 AM,5:30 PM,08:06 / 17:30 / 
156,1399/02/28,یکشنبه,mm,تاخیر,07:49,9:17 AM,5:07 PM,09:17 / 17:07 / 
157,1399/02/28,یکشنبه,mr,تاخیر,07:21,9:45 AM,5:07 PM,09:45 / 17:07 / 
158,1399/02/28,یکشنبه,mf,عادی,08:45,8:06 AM,5:31 PM,08:06 / 17:31 / 
159,1399/02/28,یکشنبه,ghm,مرخصی روزانه,,,,
160,1399/02/28,یکشنبه,ssh,تاخیر,07:34,9:33 AM,5:07 PM,09:33 / 17:07 / 
161,1399/02/28,یکشنبه,sdq,مرخصی روزانه,,,,
162,1399/02/29,دوشنبه,aky,عادی,08:30,7:19 AM,5:00 PM,07:19 / 17:00 / 
163,1399/02/29,دوشنبه,mm,تاخیر,08:10,8:49 AM,5:00 PM,08:49 / 17:00 / 
164,1399/02/29,دوشنبه,mr,عادی,08:30,8:26 AM,5:00 PM,08:26 / 17:00 / 
165,1399/02/29,دوشنبه,mf,عادی,08:29,8:36 AM,5:05 PM,08:36 / 17:05 / 
166,1399/02/29,دوشنبه,ghm,مرخصی روزانه,,,,
167,1399/02/29,دوشنبه,ssh,عادی,08:30,8:30 AM,5:00 PM,08:30 / 17:00 / 
168,1399/02/29,دوشنبه,sdq,مرخصی روزانه,,,,
169,1399/02/30,سه شنبه,aky,عادی,08:36,7:32 AM,5:06 PM,07:32 / 17:06 / 
170,1399/02/30,سه شنبه,mm,عادی,08:28,8:37 AM,5:05 PM,08:37 / 17:05 / 
171,1399/02/30,سه شنبه,mr,تاخیر,06:07,10:58 AM,5:05 PM,10:58 / 17:05 / 
172,1399/02/30,سه شنبه,mf,عادی,08:37,7:32 AM,5:07 PM,07:32 / 17:07 / 
173,1399/02/30,سه شنبه,ghm,مرخصی روزانه,,,,
174,1399/02/30,سه شنبه,ssh,عادی,08:28,8:36 AM,5:05 PM,08:36 / 17:05 / 
175,1399/02/30,سه شنبه,sdq,مرخصی روزانه,,,,
176,1399/02/31,چهارشنبه,aky,عادی,08:32,7:28 AM,5:02 PM,07:28 / 17:02 / 
177,1399/02/31,چهارشنبه,mm,خطا,,,,08:59 / 
178,1399/02/31,چهارشنبه,mr,تاخیر,08:28,8:27 AM,4:58 PM,08:27 / 16:58 / 
179,1399/02/31,چهارشنبه,mf,عادی,08:26,8:35 AM,5:02 PM,08:35 / 17:02 / 
180,1399/02/31,چهارشنبه,ghm,مرخصی روزانه,,,,
181,1399/02/31,چهارشنبه,ssh,تاخیر,08:23,8:30 AM,4:53 PM,08:30 / 16:53 / 
182,1399/02/31,چهارشنبه,sdq,مرخصی روزانه,,,,
183,1399/03/03,شنبه,aky,تاخیر,07:12,7:25 AM,3:42 PM,07:25 / 15:42 / 
184,1399/03/03,شنبه,mm,مرخصی روزانه,,,,
185,1399/03/03,شنبه,mr,مرخصی روزانه,,,,
186,1399/03/03,شنبه,mf,تاخیر,07:12,8:22 AM,3:42 PM,08:22 / 15:42 / 
187,1399/03/03,شنبه,ghm,مرخصی روزانه,,,,
188,1399/03/03,شنبه,ssh,مرخصی روزانه,,,,
189,1399/03/03,شنبه,sdq,مرخصی روزانه,,,,
190,1399/03/06,سه شنبه,aky,تاخیر,07:19,7:06 AM,3:49 PM,07:06 / 15:49 / 
191,1399/03/06,سه شنبه,mm,مرخصی روزانه,,,,
192,1399/03/06,سه شنبه,mr,تاخیر,08:25,7:52 AM,4:55 PM,07:52 / 16:55 / 
193,1399/03/06,سه شنبه,mf,عادی,08:31,8:31 AM,5:03 PM,08:31 / 17:03 / 
194,1399/03/06,سه شنبه,ghm,مرخصی روزانه,,,,
195,1399/03/06,سه شنبه,ssh,عادی,08:25,8:34 AM,5:00 PM,08:34 / 17:00 / 
196,1399/03/06,سه شنبه,sdq,مرخصی روزانه,,,,
197,1399/03/07,چهارشنبه,aky,مرخصی ساعتی,08:25,7:15 AM,5:02 PM,07:15 / 09:03 / 09:10 / 17:02 / 
198,1399/03/07,چهارشنبه,mm,مرخصی روزانه,,,,
199,1399/03/07,چهارشنبه,mr,عادی,08:31,8:30 AM,5:01 PM,08:30 / 17:01 / 
200,1399/03/07,چهارشنبه,mf,عادی,08:32,8:20 AM,5:02 PM,08:20 / 17:02 / 
201,1399/03/07,چهارشنبه,ghm,مرخصی روزانه,,,,
202,1399/03/07,چهارشنبه,ssh,عادی,08:23,8:38 AM,5:01 PM,08:38 / 17:01 / 
203,1399/03/07,چهارشنبه,sdq,مرخصی روزانه,,,,
204,1399/03/10,شنبه,aky,مرخصی ساعتی,07:10,7:10 AM,5:02 PM,07:10 / 10:02 / 11:25 / 17:02 / 
205,1399/03/10,شنبه,mm,تاخیر,07:37,9:28 AM,5:05 PM,09:28 / 17:05 / 
206,1399/03/10,شنبه,mr,عادی,08:17,8:43 AM,5:00 PM,08:43 / 17:00 / 
207,1399/03/10,شنبه,mf,خطا,,,,08:40 / 11:25 / 17:11 / 
208,1399/03/10,شنبه,ghm,مرخصی روزانه,,,,
209,1399/03/10,شنبه,ssh,عادی,08:28,8:33 AM,5:01 PM,08:33 / 17:01 / 
210,1399/03/10,شنبه,sdq,مرخصی روزانه,,,,
211,1399/03/11,یکشنبه,aky,عادی,08:43,7:16 AM,5:13 PM,07:16 / 17:13 / 
212,1399/03/11,یکشنبه,mm,عادی,08:31,8:26 AM,5:01 PM,08:26 / 17:01 / 
213,1399/03/11,یکشنبه,mr,خطا,,,,08:33 / 
214,1399/03/11,یکشنبه,mf,تاخیر,08:13,8:59 AM,5:13 PM,08:59 / 17:13 / 
215,1399/03/11,یکشنبه,ghm,مرخصی روزانه,,,,
216,1399/03/11,یکشنبه,ssh,عادی,08:27,8:33 AM,5:01 PM,08:33 / 17:01 / 
217,1399/03/11,یکشنبه,sdq,مرخصی روزانه,,,,
218,1399/03/12,دوشنبه,aky,عادی,08:36,7:18 AM,5:06 PM,07:18 / 17:06 / 
219,1399/03/12,دوشنبه,mm,عادی,08:29,8:30 AM,5:00 PM,08:30 / 17:00 / 
220,1399/03/12,دوشنبه,mr,عادی,08:24,8:35 AM,5:00 PM,08:35 / 17:00 / 
221,1399/03/12,دوشنبه,mf,عادی,08:45,8:27 AM,6:33 PM,08:27 / 18:33 / 
222,1399/03/12,دوشنبه,ghm,مرخصی روزانه,,,,
223,1399/03/12,دوشنبه,ssh,تاخیر,08:23,8:35 AM,4:59 PM,08:35 / 16:59 / 
224,1399/03/12,دوشنبه,sdq,مرخصی روزانه,,,,
225,1399/03/13,سه شنبه,aky,تاخیر,08:14,7:34 AM,4:44 PM,07:34 / 16:44 / 
226,1399/03/13,سه شنبه,mm,تاخیر,07:42,9:03 AM,4:45 PM,09:03 / 16:45 / 
227,1399/03/13,سه شنبه,mr,تاخیر,08:08,8:35 AM,4:43 PM,08:35 / 16:43 / 
228,1399/03/13,سه شنبه,mf,مرخصی ساعتی,07:23,8:33 AM,4:44 PM,08:33 / 09:06 / 09:54 / 16:44 / 
229,1399/03/13,سه شنبه,ghm,مرخصی روزانه,,,,
230,1399/03/13,سه شنبه,ssh,تاخیر,08:14,8:29 AM,4:44 PM,08:29 / 16:44 / 
231,1399/03/13,سه شنبه,sdq,مرخصی روزانه,,,,
232,1399/03/17,شنبه,aky,تاخیر,06:32,7:39 AM,3:02 PM,07:39 / 15:02 / 
233,1399/03/17,شنبه,mm,تاخیر,08:26,8:48 AM,5:16 PM,08:48 / 17:16 / 
234,1399/03/17,شنبه,mr,عادی,08:32,8:36 AM,5:09 PM,08:36 / 17:09 / 
235,1399/03/17,شنبه,mf,عادی,08:45,8:25 AM,5:44 PM,08:25 / 17:44 / 
236,1399/03/17,شنبه,ghm,مرخصی روزانه,,,,
237,1399/03/17,شنبه,ssh,عادی,08:37,8:37 AM,5:15 PM,08:37 / 17:15 / 
238,1399/03/17,شنبه,sdq,مرخصی روزانه,,,,
239,1399/03/18,یکشنبه,aky,عادی,08:31,7:33 AM,5:01 PM,07:33 / 17:01 / 
240,1399/03/18,یکشنبه,mm,عادی,08:30,8:30 AM,5:01 PM,08:30 / 17:01 / 
241,1399/03/18,یکشنبه,mr,خطا,,,,08:19 / 
242,1399/03/18,یکشنبه,mf,مرخصی ساعتی,07:41,8:13 AM,5:01 PM,08:13 / 09:23 / 10:13 / 17:01 / 
243,1399/03/18,یکشنبه,ghm,مرخصی روزانه,,,,
244,1399/03/18,یکشنبه,ssh,عادی,08:21,8:39 AM,5:01 PM,08:39 / 17:01 / 
245,1399/03/18,یکشنبه,sdq,مرخصی روزانه,,,,
246,1399/03/19,دوشنبه,aky,تاخیر,07:01,6:52 AM,3:31 PM,06:52 / 15:31 / 
247,1399/03/19,دوشنبه,mm,عادی,08:37,8:22 AM,5:07 PM,08:22 / 17:07 / 
248,1399/03/19,دوشنبه,mr,عادی,08:30,8:24 AM,5:00 PM,08:24 / 17:00 / 
249,1399/03/19,دوشنبه,mf,خطا,,,,08:22 / 10:34 / 19:54 / 
250,1399/03/19,دوشنبه,ghm,مرخصی روزانه,,,,
251,1399/03/19,دوشنبه,ssh,عادی,08:37,8:24 AM,5:07 PM,08:24 / 17:07 / 
252,1399/03/19,دوشنبه,sdq,مرخصی روزانه,,,,
253,1399/03/20,سه شنبه,aky,مرخصی ساعتی,06:01,7:55 AM,4:58 PM,07:55 / 09:24 / 11:52 / 16:58 / 
254,1399/03/20,سه شنبه,mm,مرخصی روزانه,,,,
255,1399/03/20,سه شنبه,mr,تاخیر,08:27,8:21 AM,4:57 PM,08:21 / 16:57 / 
256,1399/03/20,سه شنبه,mf,مرخصی ساعتی,06:55,8:42 AM,4:58 PM,08:42 / 11:38 / 12:58 / 16:58 / 
257,1399/03/20,سه شنبه,ghm,مرخصی روزانه,,,,
258,1399/03/20,سه شنبه,ssh,تاخیر,08:27,8:23 AM,4:57 PM,08:23 / 16:57 / 
259,1399/03/20,سه شنبه,sdq,مرخصی روزانه,,,,
260,1399/03/21,چهارشنبه,aky,تاخیر,08:02,7:16 AM,4:32 PM,07:16 / 16:32 / 
261,1399/03/21,چهارشنبه,mm,تاخیر,08:00,8:29 AM,4:30 PM,08:29 / 16:30 / 
262,1399/03/21,چهارشنبه,mr,تاخیر,06:35,8:26 AM,3:05 PM,08:26 / 15:05 / 
263,1399/03/21,چهارشنبه,mf,تاخیر,05:39,8:27 AM,2:09 PM,08:27 / 14:09 / 
264,1399/03/21,چهارشنبه,ghm,مرخصی روزانه,,,,
265,1399/03/21,چهارشنبه,ssh,تاخیر,08:01,8:23 AM,4:31 PM,08:23 / 16:31 / 
266,1399/03/21,چهارشنبه,sdq,مرخصی روزانه,,,,
267,1399/03/24,شنبه,aky,عادی,08:42,6:59 AM,5:12 PM,06:59 / 17:12 / 
268,1399/03/24,شنبه,mm,عادی,08:32,8:26 AM,5:02 PM,08:26 / 17:02 / 
269,1399/03/24,شنبه,mr,خطا,,,,17:01 / 
270,1399/03/24,شنبه,mf,عادی,08:42,8:26 AM,5:12 PM,08:26 / 17:12 / 
271,1399/03/24,شنبه,ghm,مرخصی روزانه,,,,
272,1399/03/24,شنبه,ssh,عادی,08:29,8:33 AM,5:02 PM,08:33 / 17:02 / 
273,1399/03/24,شنبه,sdq,مرخصی روزانه,,,,
274,1399/03/25,یکشنبه,aky,عادی,08:31,7:02 AM,5:01 PM,07:02 / 17:01 / 
275,1399/03/25,یکشنبه,mm,عادی,08:30,8:13 AM,5:00 PM,08:13 / 17:00 / 
276,1399/03/25,یکشنبه,mr,عادی,08:30,8:30 AM,5:00 PM,08:30 / 17:00 / 
277,1399/03/25,یکشنبه,mf,عادی,08:32,8:21 AM,5:02 PM,08:21 / 17:02 / 
278,1399/03/25,یکشنبه,ghm,مرخصی روزانه,,,,
279,1399/03/25,یکشنبه,ssh,عادی,08:29,8:31 AM,5:00 PM,08:31 / 17:00 / 
280,1399/03/25,یکشنبه,sdq,مرخصی روزانه,,,,
281,1399/03/26,دوشنبه,aky,تاخیر,07:54,7:01 AM,4:24 PM,07:01 / 16:24 / 
282,1399/03/26,دوشنبه,mm,عادی,08:36,8:17 AM,5:06 PM,08:17 / 17:06 / 
283,1399/03/26,دوشنبه,mr,تاخیر,05:14,8:19 AM,1:44 PM,08:19 / 13:44 / 
284,1399/03/26,دوشنبه,mf,عادی,08:45,8:23 AM,7:34 PM,08:23 / 19:34 / 
285,1399/03/26,دوشنبه,ghm,مرخصی روزانه,,,,
286,1399/03/26,دوشنبه,ssh,عادی,08:36,8:28 AM,5:06 PM,08:28 / 17:06 / 
287,1399/03/26,دوشنبه,sdq,مرخصی روزانه,,,,
288,1399/03/27,سه شنبه,aky,خطا,,,,07:37 / 
289,1399/03/27,سه شنبه,mm,تاخیر,08:29,8:24 AM,4:59 PM,08:24 / 16:59 / 
290,1399/03/27,سه شنبه,mr,تاخیر,08:28,8:21 AM,4:58 PM,08:21 / 16:58 / 
291,1399/03/27,سه شنبه,mf,عادی,08:45,8:24 AM,6:24 PM,08:24 / 18:24 / 
292,1399/03/27,سه شنبه,ghm,مرخصی روزانه,,,,
293,1399/03/27,سه شنبه,ssh,مرخصی روزانه,,,,
294,1399/03/27,سه شنبه,sdq,مرخصی روزانه,,,,
295,1399/03/31,شنبه,aky,عادی,08:45,7:00 AM,5:51 PM,07:00 / 17:51 / 
296,1399/03/31,شنبه,mm,خطا,,,,13:08 / 
297,1399/03/31,شنبه,mr,تاخیر,08:29,8:21 AM,4:59 PM,08:21 / 16:59 / 
298,1399/03/31,شنبه,mf,عادی,08:45,8:29 AM,5:52 PM,08:29 / 17:52 / 
299,1399/03/31,شنبه,ghm,مرخصی روزانه,,,,
300,1399/03/31,شنبه,ssh,تاخیر,08:29,8:23 AM,4:59 PM,08:23 / 16:59 / 
301,1399/03/31,شنبه,sdq,مرخصی روزانه,,,,
302,1399/04/01,یکشنبه,aky,تاخیر,07:41,7:33 AM,4:11 PM,07:33 / 16:11 / 
303,1399/04/01,یکشنبه,mm,تاخیر,08:29,8:12 AM,4:59 PM,08:12 / 16:59 / 
304,1399/04/01,یکشنبه,mr,تاخیر,08:28,8:22 AM,4:58 PM,08:22 / 16:58 / 
305,1399/04/01,یکشنبه,mf,عادی,09:27,8:29 AM,7:05 PM,08:29 / 13:08 / 14:15 / 19:05 / 
306,1399/04/01,یکشنبه,ghm,مرخصی روزانه,,,,
307,1399/04/01,یکشنبه,ssh,تاخیر,08:29,8:30 AM,4:59 PM,08:30 / 16:59 / 
308,1399/04/01,یکشنبه,sdq,مرخصی روزانه,,,,
309,1399/04/02,دوشنبه,aky,تاخیر,08:01,7:11 AM,4:31 PM,07:11 / 16:31 / 
310,1399/04/02,دوشنبه,mm,عادی,08:30,8:00 AM,5:00 PM,08:00 / 17:00 / 
311,1399/04/02,دوشنبه,mr,تاخیر,08:28,8:25 AM,4:58 PM,08:25 / 16:58 / 
312,1399/04/02,دوشنبه,mf,عادی,08:38,8:36 AM,7:16 PM,08:36 / 19:16 / 
313,1399/04/02,دوشنبه,ghm,مرخصی روزانه,,,,
314,1399/04/02,دوشنبه,ssh,عادی,08:29,8:30 AM,5:00 PM,08:30 / 17:00 / 
315,1399/04/02,دوشنبه,sdq,مرخصی روزانه,,,,
316,1399/04/03,سه شنبه,aky,عادی,08:31,7:40 AM,5:01 PM,07:40 / 17:01 / 
317,1399/04/03,سه شنبه,mm,عادی,08:32,8:12 AM,5:02 PM,08:12 / 17:02 / 
318,1399/04/03,سه شنبه,mr,عادی,08:31,8:29 AM,5:01 PM,08:29 / 17:01 / 
319,1399/04/03,سه شنبه,mf,عادی,08:31,8:27 AM,5:01 PM,08:27 / 17:01 / 
320,1399/04/03,سه شنبه,ghm,مرخصی روزانه,,,,
321,1399/04/03,سه شنبه,ssh,عادی,08:29,8:32 AM,5:01 PM,08:32 / 17:01 / 
322,1399/04/03,سه شنبه,sdq,مرخصی روزانه,,,,
323,1399/04/04,چهارشنبه,aky,عادی,08:35,7:04 AM,5:05 PM,07:04 / 17:05 / 
324,1399/04/04,چهارشنبه,mm,عادی,08:33,8:22 AM,5:03 PM,08:22 / 17:03 / 
325,1399/04/04,چهارشنبه,mr,عادی,08:32,8:23 AM,5:02 PM,08:23 / 17:02 / 
326,1399/04/04,چهارشنبه,mf,عادی,08:27,8:37 AM,5:05 PM,08:37 / 17:05 / 
327,1399/04/04,چهارشنبه,ghm,مرخصی روزانه,,,,
328,1399/04/04,چهارشنبه,ssh,عادی,08:33,8:27 AM,5:03 PM,08:27 / 17:03 / 
329,1399/04/04,چهارشنبه,sdq,مرخصی روزانه,,,,
330,1399/04/07,شنبه,aky,عادی,08:30,6:58 AM,5:00 PM,06:58 / 17:00 / 
331,1399/04/07,شنبه,mm,عادی,08:45,8:18 AM,5:46 PM,08:18 / 17:46 / 
332,1399/04/07,شنبه,mr,تاخیر,06:31,8:22 AM,3:01 PM,08:22 / 15:01 / 
333,1399/04/07,شنبه,mf,تاخیر,06:05,11:09 AM,5:46 PM,11:09 / 17:46 / 
334,1399/04/07,شنبه,ghm,مرخصی روزانه,,,,
335,1399/04/07,شنبه,ssh,تاخیر,08:08,8:05 AM,4:38 PM,08:05 / 16:38 / 
336,1399/04/07,شنبه,sdq,مرخصی روزانه,,,,
337,1399/04/08,یکشنبه,aky,خطا,,,,07:13 / 
338,1399/04/08,یکشنبه,mm,خطا,,,,08:16 / 
339,1399/04/08,یکشنبه,mr,خطا,,,,08:23 / 
340,1399/04/08,یکشنبه,mf,خطا,,,,08:21 / 
341,1399/04/08,یکشنبه,ghm,مرخصی روزانه,,,,
342,1399/04/08,یکشنبه,ssh,خطا,,,,08:39 / 
343,1399/04/08,یکشنبه,sdq,مرخصی روزانه,,,,
344,1399/04/09,دوشنبه,aky,عادی,08:31,8:30 AM,5:02 PM,08:30 / 17:02 / 
345,1399/04/09,دوشنبه,mm,عادی,08:31,8:30 AM,5:01 PM,08:30 / 17:01 / 
346,1399/04/09,دوشنبه,mr,عادی,08:28,8:31 AM,5:00 PM,08:31 / 17:00 / 
347,1399/04/09,دوشنبه,mf,خطا,,,,08:37 / 
348,1399/04/09,دوشنبه,ghm,مرخصی روزانه,,,,
349,1399/04/09,دوشنبه,ssh,عادی,08:30,8:31 AM,5:01 PM,08:31 / 17:01 / 
350,1399/04/09,دوشنبه,sdq,مرخصی روزانه,,,,
351,1399/04/10,سه شنبه,aky,تاخیر,06:12,7:38 AM,2:42 PM,07:38 / 14:42 / 
352,1399/04/10,سه شنبه,mm,تاخیر,08:28,8:21 AM,4:58 PM,08:21 / 16:58 / 
353,1399/04/10,سه شنبه,mr,تاخیر,08:28,8:23 AM,4:58 PM,08:23 / 16:58 / 
354,1399/04/10,سه شنبه,mf,عادی,08:45,8:27 AM,6:44 PM,08:27 / 18:44 / 
355,1399/04/10,سه شنبه,ghm,مرخصی روزانه,,,,
356,1399/04/10,سه شنبه,ssh,تاخیر,08:28,8:22 AM,4:58 PM,08:22 / 16:58 / 
357,1399/04/10,سه شنبه,sdq,مرخصی روزانه,,,,
358,1399/04/11,چهارشنبه,aky,عادی,08:30,7:16 AM,5:00 PM,07:16 / 17:00 / 
359,1399/04/11,چهارشنبه,mm,تاخیر,08:28,8:08 AM,4:58 PM,08:08 / 16:58 / 
360,1399/04/11,چهارشنبه,mr,تاخیر,08:27,8:31 AM,4:59 PM,08:31 / 16:59 / 
361,1399/04/11,چهارشنبه,mf,عادی,08:30,8:23 AM,5:00 PM,08:23 / 17:00 / 
362,1399/04/11,چهارشنبه,ghm,مرخصی روزانه,,,,
363,1399/04/11,چهارشنبه,ssh,تاخیر,08:29,8:29 AM,4:59 PM,08:29 / 16:59 / 
364,1399/04/11,چهارشنبه,sdq,مرخصی روزانه,,,,
365,1399/04/14,شنبه,aky,عادی,08:30,7:15 AM,5:00 PM,07:15 / 17:00 / 
366,1399/04/14,شنبه,mm,عادی,08:32,8:27 AM,5:02 PM,08:27 / 17:02 / 
367,1399/04/14,شنبه,mr,تاخیر,03:48,8:23 AM,12:18 PM,08:23 / 12:18 / 
368,1399/04/14,شنبه,mf,تاخیر,08:20,8:29 AM,4:50 PM,08:29 / 16:50 / 
369,1399/04/14,شنبه,ghm,مرخصی روزانه,,,,
370,1399/04/14,شنبه,ssh,عادی,08:32,8:25 AM,5:02 PM,08:25 / 17:02 / 
371,1399/04/14,شنبه,sdq,مرخصی روزانه,,,,
372,1399/04/15,یکشنبه,aky,عادی,08:32,7:19 AM,5:02 PM,07:19 / 17:02 / 
373,1399/04/15,یکشنبه,mm,عادی,08:31,8:24 AM,5:01 PM,08:24 / 17:01 / 
374,1399/04/15,یکشنبه,mr,عادی,08:31,8:19 AM,5:01 PM,08:19 / 17:01 / 
375,1399/04/15,یکشنبه,mf,عادی,08:32,8:30 AM,5:02 PM,08:30 / 17:02 / 
376,1399/04/15,یکشنبه,ghm,مرخصی روزانه,,,,
377,1399/04/15,یکشنبه,ssh,عادی,08:31,8:24 AM,5:01 PM,08:24 / 17:01 / 
378,1399/04/15,یکشنبه,sdq,مرخصی روزانه,,,,
379,1399/04/16,دوشنبه,aky,خطا,,,,07:08 / 
380,1399/04/16,دوشنبه,mm,تاخیر,08:29,8:20 AM,4:59 PM,08:20 / 16:59 / 
381,1399/04/16,دوشنبه,mr,تاخیر,07:22,8:20 AM,3:52 PM,08:20 / 15:52 / 
382,1399/04/16,دوشنبه,mf,عادی,08:45,8:27 AM,7:28 PM,08:27 / 19:28 / 
383,1399/04/16,دوشنبه,ghm,مرخصی روزانه,,,,
384,1399/04/16,دوشنبه,ssh,عادی,08:30,8:21 AM,5:00 PM,08:21 / 17:00 / 
385,1399/04/16,دوشنبه,sdq,مرخصی روزانه,,,,
386,1399/04/17,سه شنبه,aky,عادی,08:30,7:37 AM,5:00 PM,07:37 / 17:00 / 
387,1399/04/17,سه شنبه,mm,تاخیر,08:29,8:20 AM,4:59 PM,08:20 / 16:59 / 
388,1399/04/17,سه شنبه,mr,مرخصی روزانه,,,,
389,1399/04/17,سه شنبه,mf,عادی,08:31,8:27 AM,5:01 PM,08:27 / 17:01 / 
390,1399/04/17,سه شنبه,ghm,مرخصی روزانه,,,,
391,1399/04/17,سه شنبه,ssh,تاخیر,08:29,8:20 AM,4:59 PM,08:20 / 16:59 / 
392,1399/04/17,سه شنبه,sdq,مرخصی روزانه,,,,
393,1399/04/18,چهارشنبه,aky,عادی,08:45,7:17 AM,5:15 PM,07:17 / 17:15 / 
394,1399/04/18,چهارشنبه,mm,عادی,08:44,8:27 AM,5:14 PM,08:27 / 17:14 / 
395,1399/04/18,چهارشنبه,mr,عادی,08:40,8:25 AM,5:10 PM,08:25 / 17:10 / 
396,1399/04/18,چهارشنبه,mf,عادی,08:45,8:24 AM,5:15 PM,08:24 / 17:15 / 
397,1399/04/18,چهارشنبه,ghm,مرخصی روزانه,,,,
398,1399/04/18,چهارشنبه,ssh,تاخیر,07:42,8:22 AM,4:12 PM,08:22 / 16:12 / 
399,1399/04/18,چهارشنبه,sdq,مرخصی روزانه,,,,
400,1399/04/21,شنبه,aky,عادی,08:34,7:15 AM,5:04 PM,07:15 / 17:04 / 
401,1399/04/21,شنبه,mm,عادی,08:33,8:22 AM,5:03 PM,08:22 / 17:03 / 
402,1399/04/21,شنبه,mr,عادی,08:31,8:27 AM,5:01 PM,08:27 / 17:01 / 
403,1399/04/21,شنبه,mf,مرخصی ساعتی,07:16,8:38 AM,5:04 PM,08:38 / 10:51 / 11:11 / 14:02 / 14:50 / 17:04 / 
404,1399/04/21,شنبه,ghm,مرخصی روزانه,,,,
405,1399/04/21,شنبه,ssh,عادی,08:33,8:19 AM,5:03 PM,08:19 / 17:03 / 
406,1399/04/21,شنبه,sdq,مرخصی روزانه,,,,
407,1399/04/22,یکشنبه,aky,عادی,08:45,7:01 AM,6:49 PM,07:01 / 18:49 / 
408,1399/04/22,یکشنبه,mm,عادی,08:31,8:14 AM,5:01 PM,08:14 / 17:01 / 
409,1399/04/22,یکشنبه,mr,عادی,08:31,8:28 AM,5:01 PM,08:28 / 17:01 / 
410,1399/04/22,یکشنبه,mf,عادی,08:40,8:32 AM,5:13 PM,08:32 / 17:13 / 
411,1399/04/22,یکشنبه,ghm,مرخصی روزانه,,,,
412,1399/04/22,یکشنبه,ssh,عادی,08:31,8:27 AM,5:01 PM,08:27 / 17:01 / 
413,1399/04/22,یکشنبه,sdq,مرخصی روزانه,,,,
414,1399/04/23,دوشنبه,aky,عادی,08:30,7:09 AM,5:00 PM,07:09 / 17:00 / 
415,1399/04/23,دوشنبه,mm,مرخصی روزانه,,,,
416,1399/04/23,دوشنبه,mr,تاخیر,08:27,8:24 AM,4:57 PM,08:24 / 16:57 / 
417,1399/04/23,دوشنبه,mf,خطا,,,,17:00 / 
418,1399/04/23,دوشنبه,ghm,مرخصی روزانه,,,,
419,1399/04/23,دوشنبه,ssh,تاخیر,08:28,8:28 AM,4:58 PM,08:28 / 16:58 / 
420,1399/04/23,دوشنبه,sdq,مرخصی روزانه,,,,
421,1399/04/24,سه شنبه,aky,عادی,08:35,7:13 AM,5:05 PM,07:13 / 17:05 / 
422,1399/04/24,سه شنبه,mm,عادی,08:34,8:25 AM,5:04 PM,08:25 / 17:04 / 
423,1399/04/24,سه شنبه,mr,عادی,08:30,8:32 AM,5:03 PM,08:32 / 17:03 / 
424,1399/04/24,سه شنبه,mf,عادی,08:35,8:27 AM,5:05 PM,08:27 / 17:05 / 
425,1399/04/24,سه شنبه,ghm,مرخصی روزانه,,,,
426,1399/04/24,سه شنبه,ssh,عادی,08:35,8:20 AM,5:05 PM,08:20 / 17:05 / 
427,1399/04/24,سه شنبه,sdq,مرخصی روزانه,,,,
428,1399/04/25,چهارشنبه,aky,تاخیر,05:21,7:11 AM,1:51 PM,07:11 / 13:51 / 
429,1399/04/25,چهارشنبه,mm,عادی,08:31,8:23 AM,5:01 PM,08:23 / 17:01 / 
430,1399/04/25,چهارشنبه,mr,تاخیر,08:27,8:31 AM,4:59 PM,08:31 / 16:59 / 
431,1399/04/25,چهارشنبه,mf,عادی,08:22,8:38 AM,5:01 PM,08:38 / 17:01 / 
432,1399/04/25,چهارشنبه,ghm,مرخصی روزانه,,,,
433,1399/04/25,چهارشنبه,ssh,عادی,08:31,8:25 AM,5:01 PM,08:25 / 17:01 / 
434,1399/04/25,چهارشنبه,sdq,مرخصی روزانه,,,,
435,1399/04/28,شنبه,aky,تاخیر,07:58,7:27 AM,4:28 PM,07:27 / 16:28 / 
436,1399/04/28,شنبه,mm,عادی,08:34,8:17 AM,5:04 PM,08:17 / 17:04 / 
437,1399/04/28,شنبه,mr,عادی,08:30,8:32 AM,5:03 PM,08:32 / 17:03 / 
438,1399/04/28,شنبه,mf,مرخصی ساعتی,06:14,8:31 AM,3:44 PM,08:31 / 10:09 / 11:08 / 15:44 / 
439,1399/04/28,شنبه,ghm,مرخصی روزانه,,,,
440,1399/04/28,شنبه,ssh,عادی,08:34,8:27 AM,5:04 PM,08:27 / 17:04 / 
441,1399/04/28,شنبه,sdq,مرخصی روزانه,,,,
442,1399/04/29,یکشنبه,aky,تاخیر,07:50,7:02 AM,4:20 PM,07:02 / 16:20 / 
443,1399/04/29,یکشنبه,mm,عادی,08:30,8:35 AM,5:05 PM,08:35 / 17:05 / 
444,1399/04/29,یکشنبه,mr,عادی,08:34,8:28 AM,5:04 PM,08:28 / 17:04 / 
445,1399/04/29,یکشنبه,mf,عادی,08:40,8:34 AM,5:17 PM,08:34 / 17:17 / 
446,1399/04/29,یکشنبه,ghm,مرخصی روزانه,,,,
447,1399/04/29,یکشنبه,ssh,عادی,08:36,8:27 AM,5:06 PM,08:27 / 17:06 / 
448,1399/04/29,یکشنبه,sdq,مرخصی روزانه,,,,
449,1399/04/30,دوشنبه,aky,عادی,08:30,7:03 AM,5:00 PM,07:03 / 17:00 / 
450,1399/04/30,دوشنبه,mm,عادی,08:30,8:17 AM,5:00 PM,08:17 / 17:00 / 
451,1399/04/30,دوشنبه,mr,عادی,08:27,8:33 AM,5:00 PM,08:33 / 17:00 / 
452,1399/04/30,دوشنبه,mf,عادی,08:45,8:25 AM,6:40 PM,08:25 / 18:40 / 
453,1399/04/30,دوشنبه,ghm,مرخصی روزانه,,,,
454,1399/04/30,دوشنبه,ssh,عادی,08:30,8:27 AM,5:00 PM,08:27 / 17:00 / 
455,1399/04/30,دوشنبه,sdq,مرخصی روزانه,,,,
456,1399/04/31,سه شنبه,aky,تاخیر,08:15,7:40 AM,4:45 PM,07:40 / 16:45 / 
457,1399/04/31,سه شنبه,mm,عادی,08:30,8:29 AM,5:00 PM,08:29 / 17:00 / 
458,1399/04/31,سه شنبه,mr,عادی,08:29,8:34 AM,5:03 PM,08:34 / 17:03 / 
459,1399/04/31,سه شنبه,mf,عادی,08:42,8:32 AM,5:21 PM,08:32 / 17:21 / 
460,1399/04/31,سه شنبه,ghm,مرخصی روزانه,,,,
461,1399/04/31,سه شنبه,ssh,عادی,08:33,8:28 AM,5:03 PM,08:28 / 17:03 / 
462,1399/04/31,سه شنبه,sdq,مرخصی روزانه,,,,
463,1399/05/01,چهارشنبه,aky,خطا,,,,07:08 / 07:22 / 17:03 / 
464,1399/05/01,چهارشنبه,mm,عادی,08:26,8:36 AM,5:03 PM,08:36 / 17:03 / 
465,1399/05/01,چهارشنبه,mr,خطا,,,,08:36 / 
466,1399/05/01,چهارشنبه,mf,عادی,08:32,8:27 AM,5:02 PM,08:27 / 17:02 / 
467,1399/05/01,چهارشنبه,ghm,مرخصی روزانه,,,,
468,1399/05/01,چهارشنبه,ssh,مرخصی روزانه,,,,
469,1399/05/01,چهارشنبه,sdq,مرخصی روزانه,,,,
470,1399/05/04,شنبه,aky,عادی,08:31,6:56 AM,5:01 PM,06:56 / 17:01 / 
471,1399/05/04,شنبه,mm,مرخصی روزانه,,,,
472,1399/05/04,شنبه,mr,تاخیر,08:21,8:38 AM,4:59 PM,08:38 / 16:59 / 
473,1399/05/04,شنبه,mf,عادی,08:31,8:27 AM,5:01 PM,08:27 / 17:01 / 
474,1399/05/04,شنبه,ghm,مرخصی روزانه,,,,
475,1399/05/04,شنبه,ssh,تاخیر,08:29,8:25 AM,4:59 PM,08:25 / 16:59 / 
476,1399/05/04,شنبه,sdq,مرخصی روزانه,,,,
477,1399/05/05,یکشنبه,aky,خطا,,,,07:07 / 07:16 / 16:39 / 
478,1399/05/05,یکشنبه,mm,عادی,08:22,8:38 AM,5:01 PM,08:38 / 17:01 / 
479,1399/05/05,یکشنبه,mr,خطا,,,,17:00 / 
480,1399/05/05,یکشنبه,mf,عادی,08:43,8:31 AM,5:16 PM,08:31 / 17:16 / 
481,1399/05/05,یکشنبه,ghm,مرخصی روزانه,,,,
482,1399/05/05,یکشنبه,ssh,عادی,08:31,8:28 AM,5:01 PM,08:28 / 17:01 / 
483,1399/05/05,یکشنبه,sdq,مرخصی روزانه,,,,
484,1399/05/06,دوشنبه,aky,عادی,08:32,7:13 AM,5:02 PM,07:13 / 17:02 / 
485,1399/05/06,دوشنبه,mm,عادی,08:30,8:25 AM,5:00 PM,08:25 / 17:00 / 
486,1399/05/06,دوشنبه,mr,عادی,08:30,8:30 AM,5:00 PM,08:30 / 17:00 / 
487,1399/05/06,دوشنبه,mf,تاخیر,08:01,8:24 AM,4:31 PM,08:24 / 16:31 / 
488,1399/05/06,دوشنبه,ghm,مرخصی روزانه,,,,
489,1399/05/06,دوشنبه,ssh,عادی,08:28,8:31 AM,5:00 PM,08:31 / 17:00 / 
490,1399/05/06,دوشنبه,sdq,مرخصی روزانه,,,,
491,1399/05/07,سه شنبه,aky,تاخیر,07:51,7:45 AM,4:21 PM,07:45 / 16:21 / 
492,1399/05/07,سه شنبه,mm,عادی,08:31,8:18 AM,5:01 PM,08:18 / 17:01 / 
493,1399/05/07,سه شنبه,mr,عادی,08:32,8:28 AM,5:02 PM,08:28 / 17:02 / 
494,1399/05/07,سه شنبه,mf,خطا,,,,08:27 / 16:11 / 17:14 / 
495,1399/05/07,سه شنبه,ghm,مرخصی روزانه,,,,
496,1399/05/07,سه شنبه,ssh,عادی,08:31,8:26 AM,5:01 PM,08:26 / 17:01 / 
497,1399/05/07,سه شنبه,sdq,مرخصی روزانه,,,,
498,1399/05/08,چهارشنبه,aky,تاخیر,07:45,7:04 AM,4:15 PM,07:04 / 16:15 / 
499,1399/05/08,چهارشنبه,mm,تاخیر,07:45,8:20 AM,4:15 PM,08:20 / 16:15 / 
500,1399/05/08,چهارشنبه,mr,تاخیر,07:44,8:27 AM,4:14 PM,08:27 / 16:14 / 
501,1399/05/08,چهارشنبه,mf,تاخیر,07:09,8:31 AM,3:41 PM,08:31 / 15:41 / 
502,1399/05/08,چهارشنبه,ghm,مرخصی روزانه,,,,
503,1399/05/08,چهارشنبه,ssh,تاخیر,07:45,8:29 AM,4:15 PM,08:29 / 16:15 / 
504,1399/05/08,چهارشنبه,sdq,مرخصی روزانه,,,,
505,1399/05/11,شنبه,aky,تاخیر,08:28,7:20 AM,4:58 PM,07:20 / 16:58 / 
506,1399/05/11,شنبه,mm,تاخیر,08:27,8:15 AM,4:57 PM,08:15 / 16:57 / 
507,1399/05/11,شنبه,mr,تاخیر,08:26,8:31 AM,4:57 PM,08:31 / 16:57 / 
508,1399/05/11,شنبه,mf,مرخصی روزانه,,,,
509,1399/05/11,شنبه,ghm,مرخصی روزانه,,,,
510,1399/05/11,شنبه,ssh,تاخیر,08:27,8:29 AM,4:57 PM,08:29 / 16:57 / 
511,1399/05/11,شنبه,sdq,مرخصی روزانه,,,,
512,1399/05/12,یکشنبه,aky,عادی,08:33,7:12 AM,5:03 PM,07:12 / 17:03 / 
513,1399/05/12,یکشنبه,mm,عادی,08:35,8:14 AM,5:05 PM,08:14 / 17:05 / 
514,1399/05/12,یکشنبه,mr,عادی,08:28,8:34 AM,5:02 PM,08:34 / 17:02 / 
515,1399/05/12,یکشنبه,mf,عادی,08:41,8:33 AM,5:18 PM,08:33 / 17:18 / 
516,1399/05/12,یکشنبه,ghm,مرخصی روزانه,,,,
517,1399/05/12,یکشنبه,ssh,عادی,08:34,8:28 AM,5:04 PM,08:28 / 17:04 / 
518,1399/05/12,یکشنبه,sdq,مرخصی روزانه,,,,
519,1399/05/13,دوشنبه,aky,عادی,08:33,7:05 AM,5:03 PM,07:05 / 17:03 / 
520,1399/05/13,دوشنبه,mm,عادی,08:33,8:14 AM,5:03 PM,08:14 / 17:03 / 
521,1399/05/13,دوشنبه,mr,عادی,08:32,8:30 AM,5:03 PM,08:30 / 17:03 / 
522,1399/05/13,دوشنبه,mf,تاخیر,08:24,8:30 AM,4:54 PM,08:30 / 16:54 / 
523,1399/05/13,دوشنبه,ghm,مرخصی روزانه,,,,
524,1399/05/13,دوشنبه,ssh,عادی,08:33,8:28 AM,5:03 PM,08:28 / 17:03 / 
525,1399/05/13,دوشنبه,sdq,مرخصی روزانه,,,,
526,1399/05/14,سه شنبه,aky,عادی,08:40,7:15 AM,5:10 PM,07:15 / 17:10 / 
527,1399/05/14,سه شنبه,mm,عادی,08:35,8:25 AM,5:05 PM,08:25 / 17:05 / 
528,1399/05/14,سه شنبه,mr,عادی,08:34,8:28 AM,5:04 PM,08:28 / 17:04 / 
529,1399/05/14,سه شنبه,mf,خطا,,,,08:28 / 
530,1399/05/14,سه شنبه,ghm,مرخصی روزانه,,,,
531,1399/05/14,سه شنبه,ssh,عادی,08:34,8:30 AM,5:05 PM,08:30 / 17:05 / 
532,1399/05/14,سه شنبه,sdq,مرخصی روزانه,,,,
533,1399/05/15,چهارشنبه,aky,عادی,08:45,8:01 AM,5:49 PM,08:01 / 17:49 / 
534,1399/05/15,چهارشنبه,mm,خطا,,,,08:23 / 
535,1399/05/15,چهارشنبه,mr,تاخیر,07:02,8:31 AM,3:33 PM,08:31 / 15:33 / 
536,1399/05/15,چهارشنبه,mf,خطا,,,,08:28 / 
537,1399/05/15,چهارشنبه,ghm,مرخصی روزانه,,,,
538,1399/05/15,چهارشنبه,ssh,تاخیر,04:30,8:27 AM,1:00 PM,08:27 / 13:00 / 
539,1399/05/15,چهارشنبه,sdq,مرخصی روزانه,,,,
540,1399/05/19,یکشنبه,aky,عادی,08:34,7:10 AM,5:04 PM,07:10 / 17:04 / 
541,1399/05/19,یکشنبه,mm,تاخیر,06:05,10:55 AM,5:01 PM,10:55 / 17:01 / 
542,1399/05/19,یکشنبه,mr,عادی,08:31,8:29 AM,5:01 PM,08:29 / 17:01 / 
543,1399/05/19,یکشنبه,mf,عادی,08:28,8:37 AM,5:06 PM,08:37 / 17:06 / 
544,1399/05/19,یکشنبه,ghm,مرخصی روزانه,,,,
545,1399/05/19,یکشنبه,ssh,عادی,08:31,8:28 AM,5:01 PM,08:28 / 17:01 / 
546,1399/05/19,یکشنبه,sdq,مرخصی روزانه,,,,
547,1399/05/20,دوشنبه,aky,عادی,08:34,7:17 AM,5:04 PM,07:17 / 17:04 / 
548,1399/05/20,دوشنبه,mm,عادی,08:30,8:30 AM,5:00 PM,08:30 / 17:00 / 
549,1399/05/20,دوشنبه,mr,عادی,08:25,8:35 AM,5:01 PM,08:35 / 17:01 / 
550,1399/05/20,دوشنبه,mf,عادی,08:39,8:35 AM,5:36 PM,08:35 / 17:36 / 
551,1399/05/20,دوشنبه,ghm,مرخصی روزانه,,,,
552,1399/05/20,دوشنبه,ssh,عادی,08:30,8:29 AM,5:00 PM,08:29 / 17:00 / 
553,1399/05/20,دوشنبه,sdq,مرخصی روزانه,,,,
554,1399/05/21,سه شنبه,aky,عادی,08:34,7:44 AM,5:04 PM,07:44 / 17:04 / 
555,1399/05/21,سه شنبه,mm,عادی,08:27,8:33 AM,5:00 PM,08:33 / 17:00 / 
556,1399/05/21,سه شنبه,mr,عادی,08:28,8:32 AM,5:01 PM,08:32 / 17:01 / 
557,1399/05/21,سه شنبه,mf,عادی,08:33,8:09 AM,5:03 PM,08:09 / 17:03 / 
558,1399/05/21,سه شنبه,ghm,مرخصی روزانه,,,,
559,1399/05/21,سه شنبه,ssh,عادی,08:30,8:29 AM,5:00 PM,08:29 / 17:00 / 
560,1399/05/21,سه شنبه,sdq,مرخصی روزانه,,,,
561,1399/05/22,چهارشنبه,aky,عادی,08:32,7:12 AM,5:02 PM,07:12 / 17:02 / 
562,1399/05/22,چهارشنبه,mm,عادی,08:20,8:40 AM,5:00 PM,08:40 / 17:00 / 
563,1399/05/22,چهارشنبه,mr,عادی,08:26,8:34 AM,5:00 PM,08:34 / 17:00 / 
564,1399/05/22,چهارشنبه,mf,تاخیر,08:05,8:33 AM,4:38 PM,08:33 / 16:38 / 
565,1399/05/22,چهارشنبه,ghm,مرخصی روزانه,,,,
566,1399/05/22,چهارشنبه,ssh,عادی,08:22,8:38 AM,5:00 PM,08:38 / 17:00 / 
567,1399/05/22,چهارشنبه,sdq,مرخصی روزانه,,,,
568,1399/05/25,شنبه,aky,عادی,08:45,7:18 AM,5:16 PM,07:18 / 17:16 / 
569,1399/05/25,شنبه,mm,تاخیر,08:24,8:48 AM,5:13 PM,08:48 / 17:13 / 
570,1399/05/25,شنبه,mr,عادی,08:32,8:31 AM,5:04 PM,08:31 / 17:04 / 
571,1399/05/25,شنبه,mf,عادی,08:45,8:28 AM,5:16 PM,08:28 / 17:16 / 
572,1399/05/25,شنبه,ghm,مرخصی روزانه,,,,
573,1399/05/25,شنبه,ssh,عادی,08:41,8:31 AM,5:13 PM,08:31 / 17:13 / 
574,1399/05/25,شنبه,sdq,مرخصی روزانه,,,,
575,1399/05/26,یکشنبه,aky,عادی,08:33,7:13 AM,5:03 PM,07:13 / 17:03 / 
576,1399/05/26,یکشنبه,mm,عادی,08:24,8:38 AM,5:03 PM,08:38 / 17:03 / 
577,1399/05/26,یکشنبه,mr,عادی,08:32,8:28 AM,5:02 PM,08:28 / 17:02 / 
578,1399/05/26,یکشنبه,mf,عادی,08:42,8:32 AM,6:37 PM,08:32 / 18:37 / 
579,1399/05/26,یکشنبه,ghm,مرخصی روزانه,,,,
580,1399/05/26,یکشنبه,ssh,عادی,08:29,8:33 AM,5:02 PM,08:33 / 17:02 / 
581,1399/05/26,یکشنبه,sdq,مرخصی روزانه,,,,
582,1399/05/27,دوشنبه,aky,مرخصی ساعتی,05:56,7:14 AM,2:27 PM,07:14 / 09:55 / 09:57 / 14:27 / 
583,1399/05/27,دوشنبه,mm,عادی,08:29,8:31 AM,5:01 PM,08:31 / 17:01 / 
584,1399/05/27,دوشنبه,mr,عادی,08:26,8:33 AM,5:00 PM,08:33 / 17:00 / 
585,1399/05/27,دوشنبه,mf,عادی,08:41,8:33 AM,5:42 PM,08:33 / 17:42 / 
586,1399/05/27,دوشنبه,ghm,مرخصی روزانه,,,,
587,1399/05/27,دوشنبه,ssh,عادی,08:23,8:38 AM,5:01 PM,08:38 / 17:01 / 
588,1399/05/27,دوشنبه,sdq,تاخیر,06:04,10:53 AM,4:57 PM,10:53 / 16:57 / 
589,1399/05/28,سه شنبه,aky,عادی,08:44,7:36 AM,5:14 PM,07:36 / 17:14 / 
590,1399/05/28,سه شنبه,mm,عادی,08:23,8:41 AM,5:04 PM,08:41 / 17:04 / 
591,1399/05/28,سه شنبه,mr,عادی,08:26,8:36 AM,5:03 PM,08:36 / 17:03 / 
592,1399/05/28,سه شنبه,mf,عادی,08:33,8:41 AM,5:15 PM,08:41 / 17:15 / 
593,1399/05/28,سه شنبه,ghm,مرخصی روزانه,,,,
594,1399/05/28,سه شنبه,ssh,عادی,08:34,8:29 AM,5:04 PM,08:29 / 17:04 / 
595,1399/05/28,سه شنبه,sdq,تاخیر,08:10,8:53 AM,5:03 PM,08:53 / 17:03 / 
596,1399/05/29,چهارشنبه,aky,عادی,08:34,7:14 AM,5:04 PM,07:14 / 17:04 / 
597,1399/05/29,چهارشنبه,mm,عادی,08:21,8:40 AM,5:02 PM,08:40 / 17:02 / 
598,1399/05/29,چهارشنبه,mr,مرخصی روزانه,,,,
599,1399/05/29,چهارشنبه,mf,تاخیر,08:28,8:25 AM,4:58 PM,08:25 / 16:58 / 
600,1399/05/29,چهارشنبه,ghm,مرخصی روزانه,,,,
601,1399/05/29,چهارشنبه,ssh,عادی,08:31,8:19 AM,5:01 PM,08:19 / 17:01 / 
602,1399/05/29,چهارشنبه,sdq,عادی,08:23,8:40 AM,5:03 PM,08:40 / 17:03 / 
603,1399/06/01,شنبه,aky,عادی,08:35,7:12 AM,5:05 PM,07:12 / 17:05 / 
604,1399/06/01,شنبه,mm,عادی,08:34,8:26 AM,5:04 PM,08:26 / 17:04 / 
605,1399/06/01,شنبه,mr,عادی,08:28,8:33 AM,5:02 PM,08:33 / 17:02 / 
606,1399/06/01,شنبه,mf,عادی,08:34,8:29 AM,5:04 PM,08:29 / 17:04 / 
607,1399/06/01,شنبه,ghm,مرخصی روزانه,,,,
608,1399/06/01,شنبه,ssh,عادی,08:34,8:22 AM,5:04 PM,08:22 / 17:04 / 
609,1399/06/01,شنبه,sdq,عادی,08:28,8:34 AM,5:02 PM,08:34 / 17:02 / 
610,1399/06/02,یکشنبه,aky,مرخصی ساعتی,05:04,7:17 AM,3:20 PM,07:17 / 11:12 / 12:58 / 15:20 / 
611,1399/06/02,یکشنبه,mm,عادی,08:33,8:26 AM,5:03 PM,08:26 / 17:03 / 
612,1399/06/02,یکشنبه,mr,تاخیر,06:26,8:30 AM,2:56 PM,08:30 / 14:56 / 
613,1399/06/02,یکشنبه,mf,مرخصی ساعتی,07:39,8:26 AM,5:03 PM,08:26 / 11:54 / 12:48 / 17:03 / 
614,1399/06/02,یکشنبه,ghm,مرخصی روزانه,,,,
615,1399/06/02,یکشنبه,ssh,عادی,08:33,8:21 AM,5:03 PM,08:21 / 17:03 / 
616,1399/06/02,یکشنبه,sdq,عادی,08:32,8:30 AM,5:02 PM,08:30 / 17:02 / 
617,1399/06/03,دوشنبه,aky,عادی,08:30,7:23 AM,5:00 PM,07:23 / 17:00 / 
618,1399/06/03,دوشنبه,mm,عادی,08:29,8:32 AM,5:01 PM,08:32 / 17:01 / 
619,1399/06/03,دوشنبه,mr,عادی,08:27,8:32 AM,5:00 PM,08:32 / 17:00 / 
620,1399/06/03,دوشنبه,mf,عادی,08:42,8:32 AM,5:46 PM,08:32 / 17:46 / 
621,1399/06/03,دوشنبه,ghm,مرخصی روزانه,,,,
622,1399/06/03,دوشنبه,ssh,عادی,08:31,8:18 AM,5:01 PM,08:18 / 17:01 / 
623,1399/06/03,دوشنبه,sdq,خطا,,,,08:32 / 
624,1399/06/04,سه شنبه,aky,خطا,,,,17:03 / 
625,1399/06/04,سه شنبه,mm,عادی,08:30,8:25 AM,5:00 PM,08:25 / 17:00 / 
626,1399/06/04,سه شنبه,mr,عادی,08:30,8:29 AM,5:00 PM,08:29 / 17:00 / 
627,1399/06/04,سه شنبه,mf,عادی,08:23,8:40 AM,5:04 PM,08:40 / 17:04 / 
628,1399/06/04,سه شنبه,ghm,مرخصی روزانه,,,,
629,1399/06/04,سه شنبه,ssh,عادی,08:30,8:26 AM,5:00 PM,08:26 / 17:00 / 
630,1399/06/04,سه شنبه,sdq,عادی,08:30,8:29 AM,5:00 PM,08:29 / 17:00 / 
631,1399/06/05,چهارشنبه,aky,تاخیر,07:21,7:16 AM,3:51 PM,07:16 / 15:51 / 
632,1399/06/05,چهارشنبه,mm,عادی,08:40,8:27 AM,5:10 PM,08:27 / 17:10 / 
633,1399/06/05,چهارشنبه,mr,عادی,08:29,8:31 AM,5:01 PM,08:31 / 17:01 / 
634,1399/06/05,چهارشنبه,mf,مرخصی ساعتی,05:20,8:31 AM,5:21 PM,08:31 / 11:12 / 14:42 / 17:21 / 
635,1399/06/05,چهارشنبه,ghm,مرخصی روزانه,,,,
636,1399/06/05,چهارشنبه,ssh,عادی,08:39,8:22 AM,5:09 PM,08:22 / 17:09 / 
637,1399/06/05,چهارشنبه,sdq,عادی,08:29,8:31 AM,5:01 PM,08:31 / 17:01 / 
638,1399/06/10,دوشنبه,aky,تاخیر,08:29,7:13 AM,4:59 PM,07:13 / 16:59 / 
639,1399/06/10,دوشنبه,mm,مرخصی روزانه,,,,
640,1399/06/10,دوشنبه,mr,تاخیر,08:26,8:28 AM,4:56 PM,08:28 / 16:56 / 
641,1399/06/10,دوشنبه,mf,تاخیر,08:29,8:29 AM,4:59 PM,08:29 / 16:59 / 
642,1399/06/10,دوشنبه,ghm,مرخصی روزانه,,,,
643,1399/06/10,دوشنبه,ssh,مرخصی روزانه,,,,
644,1399/06/10,دوشنبه,sdq,تاخیر,08:26,8:28 AM,4:56 PM,08:28 / 16:56 / 
645,1399/06/11,سه شنبه,aky,تاخیر,08:12,7:11 AM,4:42 PM,07:11 / 16:42 / 
646,1399/06/11,سه شنبه,mm,مرخصی روزانه,,,,
647,1399/06/11,سه شنبه,mr,تاخیر,08:09,8:30 AM,4:40 PM,08:30 / 16:40 / 
648,1399/06/11,سه شنبه,mf,تاخیر,08:12,8:24 AM,4:42 PM,08:24 / 16:42 / 
649,1399/06/11,سه شنبه,ghm,مرخصی روزانه,,,,
650,1399/06/11,سه شنبه,ssh,مرخصی روزانه,,,,
651,1399/06/11,سه شنبه,sdq,تاخیر,08:09,8:30 AM,4:40 PM,08:30 / 16:40 / 
652,1399/06/12,چهارشنبه,aky,تاخیر,07:17,7:12 AM,3:47 PM,07:12 / 15:47 / 
653,1399/06/12,چهارشنبه,mm,مرخصی روزانه,,,,
654,1399/06/12,چهارشنبه,mr,تاخیر,07:11,8:34 AM,3:45 PM,08:34 / 15:45 / 
655,1399/06/12,چهارشنبه,mf,تاخیر,07:17,8:22 AM,3:47 PM,08:22 / 15:47 / 
656,1399/06/12,چهارشنبه,ghm,مرخصی روزانه,,,,
657,1399/06/12,چهارشنبه,ssh,مرخصی روزانه,,,,
658,1399/06/12,چهارشنبه,sdq,خطا,,,,08:34 / 
659,1399/06/15,شنبه,aky,عادی,08:38,7:21 AM,5:08 PM,07:21 / 17:08 / 
660,1399/06/15,شنبه,mm,عادی,08:32,8:23 AM,5:02 PM,08:23 / 17:02 / 
661,1399/06/15,شنبه,mr,تاخیر,06:32,8:31 AM,3:04 PM,08:31 / 15:04 / 
662,1399/06/15,شنبه,mf,عادی,08:38,8:26 AM,5:08 PM,08:26 / 17:08 / 
663,1399/06/15,شنبه,ghm,مرخصی روزانه,,,,
664,1399/06/15,شنبه,ssh,عادی,08:32,8:21 AM,5:02 PM,08:21 / 17:02 / 
665,1399/06/15,شنبه,sdq,مرخصی روزانه,,,,
666,1399/06/16,یکشنبه,aky,خطا,,,,07:12 / 
667,1399/06/16,یکشنبه,mm,خطا,,,,08:36 / 
668,1399/06/16,یکشنبه,mr,خطا,,,,09:04 / 
669,1399/06/16,یکشنبه,mf,خطا,,,,08:25 / 
670,1399/06/16,یکشنبه,ghm,مرخصی روزانه,,,,
671,1399/06/16,یکشنبه,ssh,خطا,,,,08:33 / 
672,1399/06/16,یکشنبه,sdq,مرخصی روزانه,,,,
